{
  "rank": 1,
  "score": -0.84275883436203,
  "net_pnl": 5374.220703125,
  "win_rate": 0.32864102721214294,
  "max_dd": -0.013172868639230728,
  "n_trades": 1847,
  "sharpe": 0.11062945425510406,
  "calmar": 65.27623748779297,
  "avg_pnl": 2.9097025394439697,
  "avg_leverage": 1.6572821140289307,
  "conf_min": 0.9210828542709351,
  "pvt_r_min": 0.9200403094291687,
  "conf_pct_gate": 0,
  "dual_gate": false,
  "exit_mode": 1,
  "trail_buffer": 0.6917660236358643,
  "min_bars_trail": 5,
  "health_drop_pts": 24,
  "hybrid_protect_bars": 4,
  "hybrid_profit_switch": 0.40409234166145325,
  "lev_5m": 1,
  "lev_30m": 5,
  "lev_1h": 4,
  "lev_4h": 5,
  "hard_sl_pct": 0.009999999776482582,
  "max_dd_halt": 0.16062478721141815
}