{
  "TITAN": {
    "score": 990.3140258789062,
    "net_pnl": 94864.734375,
    "win_rate": 0.8333333134651184,
    "n_trades": 30,
    "avg_pnl_pct": 190.44509887695312,
    "conf_min": 0.9049999713897705,
    "pvt_r_min": 0.8999999761581421,
    "midline_buffer": 0.10000000149011612,
    "stddev_mult": 0.800000011920929,
    "trail_activation": 0.004000000189989805,
    "hard_sl": 0.004999999888241291
  },
  "NAVIGATOR": {
    "score": 19692.861328125,
    "net_pnl": 1965296.125,
    "win_rate": 0.7979966402053833,
    "n_trades": 599,
    "avg_pnl_pct": 198.58409118652344,
    "conf_min": 0.8799999952316284,
    "pvt_r_min": 0.8500000238418579,
    "midline_buffer": 0.20000000298023224,
    "stddev_mult": 1.2000000476837158,
    "trail_activation": 0.004000000189989805,
    "hard_sl": 0.009999999776482582
  }
}