{
  "rank": 1,
  "score": 2336.06494140625,
  "net_pnl": 178356.34375,
  "win_rate": 0.8409090638160706,
  "n_trades": 44,
  "avg_pnl_pct": 450.3948059082031,
  "conf_min": 0.9679999947547913,
  "pvt_r_min": 0.9580000042915344,
  "midline_buffer": 0.30000001192092896,
  "stddev_mult": 1.5,
  "trail_activation": 0.004000000189989805
}