{
  "name": "Elite-Win",
  "enabled_tfs": [
    "1h"
  ],
  "fixed": {
    "entry_gate": "DUAL (conf AND pvt_r)",
    "exit_logic": "Adaptive Trailing Stop",
    "hard_sl_pct": 0.015
  },
  "per_tf": {
    "1h": {
      "conf_min": 0.9200000166893005,
      "pvt_r_min": 0.9550000429153442,
      "trail_buffer": 0.4000000059604645,
      "leverage": 5.0
    }
  },
  "blind_test": {
    "win_rate": 0.5294117647058824,
    "n_trades": 34,
    "net_pnl": 134.58905029296875
  },
  "tf_breakdown": {
    "1h": {
      "wr": 0.529411792755127,
      "n": 34,
      "pnl": 134.58905029296875
    }
  },
  "train": {
    "win_rate": 0.6486486486486487,
    "n_trades": 74,
    "net_pnl": 823.5169067382812
  },
  "val": {
    "win_rate": 0.10526315789473684,
    "n_trades": 19,
    "net_pnl": -94.11164855957031
  }
}